INSERT INTO bp_brand (brand_id, brand_name, brand_status, reg_date_time)
VALUES ('94836de5-35cd-4dc0-b39a-63d427e33831', 'A', 'ACTIVE', NOW()),
       ('79f16abe-eece-42eb-b6b7-9f4ac1eb2d59', 'B', 'ACTIVE', NOW()),
       ('77057daa-1936-4077-be6a-14236c4ff26d', 'C', 'ACTIVE', NOW()),
       ('49050d85-a236-433f-9aaf-7e8477c715a2', 'D', 'ACTIVE', NOW()),
       ('e2e43de7-d72c-481d-adec-99f8032d35bd', 'E', 'ACTIVE', NOW()),
       ('f0d60e87-1e0c-4a83-b1b7-980127aaeed3', 'F', 'ACTIVE', NOW()),
       ('bda698f3-4bf4-4d67-b830-b5e6abe35b05', 'G', 'ACTIVE', NOW()),
       ('92471808-41fe-4741-bfd6-70c2284a3a98', 'H', 'ACTIVE', NOW()),
       ('d6ccfc35-fe85-47a7-89ba-d4be0259d7c0', 'I', 'ACTIVE', NOW());

INSERT INTO bp_category (category_id, category_name, reg_date_time, mod_date_time)
VALUES ('4cafbc7c-311a-4dc8-9d93-8b0c180d7e95', '상의', NOW(), NULL),
       ('85734da2-c000-4575-880d-75dca8ff4d90', '아우터', NOW(), NULL),
       ('435cc281-dd04-487d-af9b-15a3e6024be2', '바지', NOW(), NULL),
       ('6108f908-4718-4c5e-9d11-02fb55b7252b', '스니커즈', NOW(), NULL),
       ('2210f6b0-c115-4f75-b936-a439d25432ad', '가방', NOW(), NULL),
       ('9de7e8f9-c691-486f-ba6b-ee0c135f6291', '모자', NOW(), NULL),
       ('0d7b7103-d32d-4b34-b9de-a2a4e33f5e5e', '양말', NOW(), NULL),
       ('fc43b525-ffad-4c89-a82d-6de20b42a395', '액세서리', NOW(), NULL);

INSERT INTO bp_product (product_id, product_status, product_name, price, reg_date_time)
VALUES
    ('11a513be-76dd-414c-8907-5406a6feaa72', 'DISPLAY', 'A_상의', 11200, NOW()),
    ('80ad25a2-2ef2-445f-bce8-5867a2c4ea86', 'DISPLAY', 'A_아우터', 5500, NOW()),
    ('07a153f6-edb8-4764-951e-2b36dbc49734', 'DISPLAY', 'A_바지', 4200, NOW()),
    ('8cb589d6-2c00-4aeb-af2e-2a1fb845d4bd', 'DISPLAY', 'A_스니커즈', 9000, NOW()),
    ('38d96ccc-095b-405a-a3b8-d51c86d5cb80', 'DISPLAY', 'A_가방', 2000, NOW()),
    ('dac494f7-4070-4456-9b46-50b0466e8dc5', 'DISPLAY', 'A_모자', 1700, NOW()),
    ('c7d57c5c-9955-4b7a-8e70-eb9e9cd98b99', 'DISPLAY', 'A_양말', 1800, NOW()),
    ('90cc33c7-0680-432a-b041-20556add72f7', 'DISPLAY', 'A_액세서리', 2300, NOW()),
    ('13acbc59-8825-4689-818d-776dc988d88d', 'DISPLAY', 'B_상의', 10500, NOW()),
    ('83cd7ebb-1b99-4c76-88f6-949bcff7099a', 'DISPLAY', 'B_아우터', 5900, NOW()),
    ('1652b10c-9f3c-496b-a806-9a3169a03940', 'DISPLAY', 'B_바지', 3800, NOW()),
    ('be86c5db-a6ab-4530-8739-bb52b837c7ad', 'DISPLAY', 'B_스니커즈', 9100, NOW()),
    ('6b9b874d-1676-404d-84c2-dd58f4f49d5d', 'DISPLAY', 'B_가방', 2100, NOW()),
    ('07d4fcf2-0cee-4f95-abb1-1b4f2f5813e0', 'DISPLAY', 'B_모자', 2000, NOW()),
    ('43cfb2a7-7a7f-4596-9d2b-89b48f6dfbbe', 'DISPLAY', 'B_양말', 2000, NOW()),
    ('65d772b0-bdd8-4105-89b6-edee38e86f4c', 'DISPLAY', 'B_액세서리', 2200, NOW()),
    ('5c6cf008-f11a-45e0-b9b3-be77efddbd0a', 'DISPLAY', 'C_상의', 10000, NOW()),
    ('e75e5b03-e635-4e9d-8f70-6c5b9f3b50f1', 'DISPLAY', 'C_아우터', 6200, NOW()),
    ('766c4c1b-b850-4dce-93b6-8e29315fca6f', 'DISPLAY', 'C_바지', 3300, NOW()),
    ('c7440072-d381-4cac-8101-9103308b0907', 'DISPLAY', 'C_스니커즈', 9200, NOW()),
    ('fcba14ac-1d45-4d57-8602-4cede1f0aa46', 'DISPLAY', 'C_가방', 2200, NOW()),
    ('326ff24f-9822-4358-ad90-9aad41c5a5d7', 'DISPLAY', 'C_모자', 1900, NOW()),
    ('c04f024c-87c6-4cbb-9cc2-719b3872be3b', 'DISPLAY', 'C_양말', 2200, NOW()),
    ('3746270f-7bc6-43d2-9359-52cea28947aa', 'DISPLAY', 'C_액세서리', 2100, NOW()),
    ('ac315aea-f150-4cb1-8852-71cccfec2f8b', 'DISPLAY', 'D_상의', 10100, NOW()),
    ('22e7fbb0-e605-499a-8683-26414ee2f350', 'DISPLAY', 'D_아우터', 5100, NOW()),
    ('b2ab0469-d16e-4ad2-8a8c-85142c82393f', 'DISPLAY', 'D_바지', 3000, NOW()),
    ('81237f5b-6c0e-4a51-a919-2fd02936dd89', 'DISPLAY', 'D_스니커즈', 9500, NOW()),
    ('73af2d7a-586e-459f-8900-a3166a4fbd41', 'DISPLAY', 'D_가방', 2500, NOW()),
    ('505c96d4-21e7-4d15-b1a6-5a8361b79182', 'DISPLAY', 'D_모자', 1500, NOW()),
    ('a28f1692-0145-4165-97cf-d3e3a843036a', 'DISPLAY', 'D_양말', 2400, NOW()),
    ('5ea17971-735f-4bc8-b32c-26a790c100d8', 'DISPLAY', 'D_액세서리', 2000, NOW()),
    ('3f45c27b-a658-4c68-ac84-bd2956d57448', 'DISPLAY', 'E_상의', 10700, NOW()),
    ('9433e7ec-4fa5-413d-9684-8344186a1913', 'DISPLAY', 'E_아우터', 5000, NOW()),
    ('ce6d179b-7c31-4925-ad85-90788959c623', 'DISPLAY', 'E_바지', 3800, NOW()),
    ('db21f270-6a39-4f2b-beda-df5a04539a97', 'DISPLAY', 'E_스니커즈', 9900, NOW()),
    ('c2ea67f3-cdb7-4412-995e-7fa72ad72236', 'DISPLAY', 'E_가방', 2300, NOW()),
    ('253a67ec-7c05-4169-a39e-32c363869315', 'DISPLAY', 'E_모자', 1800, NOW()),
    ('57806e4c-ebf5-4dd4-b9e8-bb46e5a77874', 'DISPLAY', 'E_양말', 2100, NOW()),
    ('33ab948e-09e3-4c64-8e35-efc6b5e4b234', 'DISPLAY', 'E_액세서리', 2100, NOW()),
    ('0444707d-7c9f-4b03-9762-d44053148bef', 'DISPLAY', 'F_상의', 11200, NOW()),
    ('644655d7-d407-436b-a317-82180a7173f6', 'DISPLAY', 'F_아우터', 7200, NOW()),
    ('8ee57020-2760-4726-b037-1f19ff002e73', 'DISPLAY', 'F_바지', 4000, NOW()),
    ('d91db2fa-cac8-4ae1-9ac3-88431129006c', 'DISPLAY', 'F_스니커즈', 9300, NOW()),
    ('3ee2d492-77a8-495e-aad9-11803e13f959', 'DISPLAY', 'F_가방', 2100, NOW()),
    ('de4e9737-db41-452f-afdc-6fd6f543e243', 'DISPLAY', 'F_모자', 1600, NOW()),
    ('0ba31745-1001-4367-ba8c-b41f5a5aee98', 'DISPLAY', 'F_양말', 2300, NOW()),
    ('c2febc93-ed32-4602-8cbb-0dd2101d7358', 'DISPLAY', 'F_액세서리', 1900, NOW()),
    ('cc2429bb-ca3d-402e-ba87-193968e005de', 'DISPLAY', 'G_상의', 10500, NOW()),
    ('ac4f519f-bfb3-4cfc-814d-4c13d2963e43', 'DISPLAY', 'G_아우터', 5800, NOW()),
    ('0c25c26f-b5f4-4128-ae09-a4ae0cb24ce6', 'DISPLAY', 'G_바지', 3900, NOW()),
    ('5f4cc21d-fa05-49d1-839d-7a10282d1930', 'DISPLAY', 'G_스니커즈', 9000, NOW()),
    ('a98088e3-d23c-4e39-bbf8-0944df382e8e', 'DISPLAY', 'G_가방', 2200, NOW()),
    ('20a56951-5597-46a8-885b-74318bd36257', 'DISPLAY', 'G_모자', 1700, NOW()),
    ('554426bc-3c14-4b1c-a656-e7ac0f011288', 'DISPLAY', 'G_양말', 2100, NOW()),
    ('0d5e1665-d88b-44ff-883a-6cffeda16c35', 'DISPLAY', 'G_액세서리', 2000, NOW()),
    ('9f561889-0c34-4cf8-bb62-b2f5988b36db', 'DISPLAY', 'H_상의', 10800, NOW()),
    ('d311db39-3d6c-401f-9395-861178ad5299', 'DISPLAY', 'H_아우터', 6300, NOW()),
    ('9e86829c-738b-42e8-9d92-4cb18e52c033', 'DISPLAY', 'H_바지', 3100, NOW()),
    ('2a4f1afe-846b-4813-8ad1-0abb31fb98db', 'DISPLAY', 'H_스니커즈', 9700, NOW()),
    ('0c3c985c-d5e5-433c-83b4-6e852f8472b8', 'DISPLAY', 'H_가방', 2100, NOW()),
    ('a99ac9c4-a8e7-477a-b2bb-a508e0864432', 'DISPLAY', 'H_모자', 1600, NOW()),
    ('02ef5c7d-4ed4-48b2-90f1-9b5ac6d792a7', 'DISPLAY', 'H_양말', 2000, NOW()),
    ('07e234ec-2ad8-46b2-a6b8-a35bd79101fd', 'DISPLAY', 'H_액세서리', 2000, NOW()),
    ('a0af5ad6-f2ab-4972-a0ad-0398d54f100c', 'DISPLAY', 'I_상의', 11400, NOW()),
    ('502b5e42-1291-4c96-b967-13ed2dbc75e0', 'DISPLAY', 'I_아우터', 6700, NOW()),
    ('431a33ff-e49c-4107-bbf6-943f0143ef22', 'DISPLAY', 'I_바지', 3200, NOW()),
    ('6c285e2f-4fe5-4b19-a1e1-4030ba166cf1', 'DISPLAY', 'I_스니커즈', 9500, NOW()),
    ('1863b7cc-9c4d-4306-a72a-0676ddbde6b0', 'DISPLAY', 'I_가방', 2400, NOW()),
    ('acd7e7a9-d6a2-425f-a4c1-f8f958d2b4fb', 'DISPLAY', 'I_모자', 1700, NOW()),
    ('64ef7918-c088-4c1d-ba63-8880f89c17ce', 'DISPLAY', 'I_양말', 1700, NOW()),
    ('9af545d6-6687-4797-ab00-9b1529d550e5', 'DISPLAY', 'I_액세서리', 2400, NOW());

INSERT INTO bp_product_mapping (brand_id, category_id, product_id, is_active, reg_date_time, mod_date_time)
VALUES
('94836de5-35cd-4dc0-b39a-63d427e33831', '4cafbc7c-311a-4dc8-9d93-8b0c180d7e95', '11a513be-76dd-414c-8907-5406a6feaa72', TRUE, NOW(), NULL),
('94836de5-35cd-4dc0-b39a-63d427e33831', '85734da2-c000-4575-880d-75dca8ff4d90', '80ad25a2-2ef2-445f-bce8-5867a2c4ea86', TRUE, NOW(), NULL),
('94836de5-35cd-4dc0-b39a-63d427e33831', '435cc281-dd04-487d-af9b-15a3e6024be2', '07a153f6-edb8-4764-951e-2b36dbc49734', TRUE, NOW(), NULL),
('94836de5-35cd-4dc0-b39a-63d427e33831', '6108f908-4718-4c5e-9d11-02fb55b7252b', '8cb589d6-2c00-4aeb-af2e-2a1fb845d4bd', TRUE, NOW(), NULL),
('94836de5-35cd-4dc0-b39a-63d427e33831', '2210f6b0-c115-4f75-b936-a439d25432ad', '38d96ccc-095b-405a-a3b8-d51c86d5cb80', TRUE, NOW(), NULL),
('94836de5-35cd-4dc0-b39a-63d427e33831', '9de7e8f9-c691-486f-ba6b-ee0c135f6291', 'dac494f7-4070-4456-9b46-50b0466e8dc5', TRUE, NOW(), NULL),
('94836de5-35cd-4dc0-b39a-63d427e33831', '0d7b7103-d32d-4b34-b9de-a2a4e33f5e5e', 'c7d57c5c-9955-4b7a-8e70-eb9e9cd98b99', TRUE, NOW(), NULL),
('94836de5-35cd-4dc0-b39a-63d427e33831', 'fc43b525-ffad-4c89-a82d-6de20b42a395', '90cc33c7-0680-432a-b041-20556add72f7', TRUE, NOW(), NULL),
('79f16abe-eece-42eb-b6b7-9f4ac1eb2d59', '4cafbc7c-311a-4dc8-9d93-8b0c180d7e95', '13acbc59-8825-4689-818d-776dc988d88d', TRUE, NOW(), NULL),
('79f16abe-eece-42eb-b6b7-9f4ac1eb2d59', '85734da2-c000-4575-880d-75dca8ff4d90', '83cd7ebb-1b99-4c76-88f6-949bcff7099a', TRUE, NOW(), NULL),
('79f16abe-eece-42eb-b6b7-9f4ac1eb2d59', '435cc281-dd04-487d-af9b-15a3e6024be2', '1652b10c-9f3c-496b-a806-9a3169a03940', TRUE, NOW(), NULL),
('79f16abe-eece-42eb-b6b7-9f4ac1eb2d59', '6108f908-4718-4c5e-9d11-02fb55b7252b', 'be86c5db-a6ab-4530-8739-bb52b837c7ad', TRUE, NOW(), NULL),
('79f16abe-eece-42eb-b6b7-9f4ac1eb2d59', '2210f6b0-c115-4f75-b936-a439d25432ad', '6b9b874d-1676-404d-84c2-dd58f4f49d5d', TRUE, NOW(), NULL),
('79f16abe-eece-42eb-b6b7-9f4ac1eb2d59', '9de7e8f9-c691-486f-ba6b-ee0c135f6291', '07d4fcf2-0cee-4f95-abb1-1b4f2f5813e0', TRUE, NOW(), NULL),
('79f16abe-eece-42eb-b6b7-9f4ac1eb2d59', '0d7b7103-d32d-4b34-b9de-a2a4e33f5e5e', '43cfb2a7-7a7f-4596-9d2b-89b48f6dfbbe', TRUE, NOW(), NULL),
('79f16abe-eece-42eb-b6b7-9f4ac1eb2d59', 'fc43b525-ffad-4c89-a82d-6de20b42a395', '65d772b0-bdd8-4105-89b6-edee38e86f4c', TRUE, NOW(), NULL),
('77057daa-1936-4077-be6a-14236c4ff26d', '4cafbc7c-311a-4dc8-9d93-8b0c180d7e95', '5c6cf008-f11a-45e0-b9b3-be77efddbd0a', TRUE, NOW(), NULL),
('77057daa-1936-4077-be6a-14236c4ff26d', '85734da2-c000-4575-880d-75dca8ff4d90', 'e75e5b03-e635-4e9d-8f70-6c5b9f3b50f1', TRUE, NOW(), NULL),
('77057daa-1936-4077-be6a-14236c4ff26d', '435cc281-dd04-487d-af9b-15a3e6024be2', '766c4c1b-b850-4dce-93b6-8e29315fca6f', TRUE, NOW(), NULL),
('77057daa-1936-4077-be6a-14236c4ff26d', '6108f908-4718-4c5e-9d11-02fb55b7252b', 'c7440072-d381-4cac-8101-9103308b0907', TRUE, NOW(), NULL),
('77057daa-1936-4077-be6a-14236c4ff26d', '2210f6b0-c115-4f75-b936-a439d25432ad', 'fcba14ac-1d45-4d57-8602-4cede1f0aa46', TRUE, NOW(), NULL),
('77057daa-1936-4077-be6a-14236c4ff26d', '9de7e8f9-c691-486f-ba6b-ee0c135f6291', '326ff24f-9822-4358-ad90-9aad41c5a5d7', TRUE, NOW(), NULL),
('77057daa-1936-4077-be6a-14236c4ff26d', '0d7b7103-d32d-4b34-b9de-a2a4e33f5e5e', 'c04f024c-87c6-4cbb-9cc2-719b3872be3b', TRUE, NOW(), NULL),
('77057daa-1936-4077-be6a-14236c4ff26d', 'fc43b525-ffad-4c89-a82d-6de20b42a395', '3746270f-7bc6-43d2-9359-52cea28947aa', TRUE, NOW(), NULL),
('49050d85-a236-433f-9aaf-7e8477c715a2', '4cafbc7c-311a-4dc8-9d93-8b0c180d7e95', 'ac315aea-f150-4cb1-8852-71cccfec2f8b', TRUE, NOW(), NULL),
('49050d85-a236-433f-9aaf-7e8477c715a2', '85734da2-c000-4575-880d-75dca8ff4d90', '22e7fbb0-e605-499a-8683-26414ee2f350', TRUE, NOW(), NULL),
('49050d85-a236-433f-9aaf-7e8477c715a2', '435cc281-dd04-487d-af9b-15a3e6024be2', 'b2ab0469-d16e-4ad2-8a8c-85142c82393f', TRUE, NOW(), NULL),
('49050d85-a236-433f-9aaf-7e8477c715a2', '6108f908-4718-4c5e-9d11-02fb55b7252b', '81237f5b-6c0e-4a51-a919-2fd02936dd89', TRUE, NOW(), NULL),
('49050d85-a236-433f-9aaf-7e8477c715a2', '2210f6b0-c115-4f75-b936-a439d25432ad', '73af2d7a-586e-459f-8900-a3166a4fbd41', TRUE, NOW(), NULL),
('49050d85-a236-433f-9aaf-7e8477c715a2', '9de7e8f9-c691-486f-ba6b-ee0c135f6291', '505c96d4-21e7-4d15-b1a6-5a8361b79182', TRUE, NOW(), NULL),
('49050d85-a236-433f-9aaf-7e8477c715a2', '0d7b7103-d32d-4b34-b9de-a2a4e33f5e5e', 'a28f1692-0145-4165-97cf-d3e3a843036a', TRUE, NOW(), NULL),
('49050d85-a236-433f-9aaf-7e8477c715a2', 'fc43b525-ffad-4c89-a82d-6de20b42a395', '5ea17971-735f-4bc8-b32c-26a790c100d8', TRUE, NOW(), NULL),
('e2e43de7-d72c-481d-adec-99f8032d35bd', '4cafbc7c-311a-4dc8-9d93-8b0c180d7e95', '3f45c27b-a658-4c68-ac84-bd2956d57448', TRUE, NOW(), NULL),
('e2e43de7-d72c-481d-adec-99f8032d35bd', '85734da2-c000-4575-880d-75dca8ff4d90', '9433e7ec-4fa5-413d-9684-8344186a1913', TRUE, NOW(), NULL),
('e2e43de7-d72c-481d-adec-99f8032d35bd', '435cc281-dd04-487d-af9b-15a3e6024be2', 'ce6d179b-7c31-4925-ad85-90788959c623', TRUE, NOW(), NULL),
('e2e43de7-d72c-481d-adec-99f8032d35bd', '6108f908-4718-4c5e-9d11-02fb55b7252b', 'db21f270-6a39-4f2b-beda-df5a04539a97', TRUE, NOW(), NULL),
('e2e43de7-d72c-481d-adec-99f8032d35bd', '2210f6b0-c115-4f75-b936-a439d25432ad', 'c2ea67f3-cdb7-4412-995e-7fa72ad72236', TRUE, NOW(), NULL),
('e2e43de7-d72c-481d-adec-99f8032d35bd', '9de7e8f9-c691-486f-ba6b-ee0c135f6291', '253a67ec-7c05-4169-a39e-32c363869315', TRUE, NOW(), NULL),
('e2e43de7-d72c-481d-adec-99f8032d35bd', '0d7b7103-d32d-4b34-b9de-a2a4e33f5e5e', '57806e4c-ebf5-4dd4-b9e8-bb46e5a77874', TRUE, NOW(), NULL),
('e2e43de7-d72c-481d-adec-99f8032d35bd', 'fc43b525-ffad-4c89-a82d-6de20b42a395', '33ab948e-09e3-4c64-8e35-efc6b5e4b234', TRUE, NOW(), NULL),
('f0d60e87-1e0c-4a83-b1b7-980127aaeed3', '4cafbc7c-311a-4dc8-9d93-8b0c180d7e95', '0444707d-7c9f-4b03-9762-d44053148bef', TRUE, NOW(), NULL),
('f0d60e87-1e0c-4a83-b1b7-980127aaeed3', '85734da2-c000-4575-880d-75dca8ff4d90', '644655d7-d407-436b-a317-82180a7173f6', TRUE, NOW(), NULL),
('f0d60e87-1e0c-4a83-b1b7-980127aaeed3', '435cc281-dd04-487d-af9b-15a3e6024be2', '8ee57020-2760-4726-b037-1f19ff002e73', TRUE, NOW(), NULL),
('f0d60e87-1e0c-4a83-b1b7-980127aaeed3', '6108f908-4718-4c5e-9d11-02fb55b7252b', 'd91db2fa-cac8-4ae1-9ac3-88431129006c', TRUE, NOW(), NULL),
('f0d60e87-1e0c-4a83-b1b7-980127aaeed3', '2210f6b0-c115-4f75-b936-a439d25432ad', '3ee2d492-77a8-495e-aad9-11803e13f959', TRUE, NOW(), NULL),
('f0d60e87-1e0c-4a83-b1b7-980127aaeed3', '9de7e8f9-c691-486f-ba6b-ee0c135f6291', 'de4e9737-db41-452f-afdc-6fd6f543e243', TRUE, NOW(), NULL),
('f0d60e87-1e0c-4a83-b1b7-980127aaeed3', '0d7b7103-d32d-4b34-b9de-a2a4e33f5e5e', '0ba31745-1001-4367-ba8c-b41f5a5aee98', TRUE, NOW(), NULL),
('f0d60e87-1e0c-4a83-b1b7-980127aaeed3', 'fc43b525-ffad-4c89-a82d-6de20b42a395', 'c2febc93-ed32-4602-8cbb-0dd2101d7358', TRUE, NOW(), NULL),
('bda698f3-4bf4-4d67-b830-b5e6abe35b05', '4cafbc7c-311a-4dc8-9d93-8b0c180d7e95', 'cc2429bb-ca3d-402e-ba87-193968e005de', TRUE, NOW(), NULL),
('bda698f3-4bf4-4d67-b830-b5e6abe35b05', '85734da2-c000-4575-880d-75dca8ff4d90', 'ac4f519f-bfb3-4cfc-814d-4c13d2963e43', TRUE, NOW(), NULL),
('bda698f3-4bf4-4d67-b830-b5e6abe35b05', '435cc281-dd04-487d-af9b-15a3e6024be2', '0c25c26f-b5f4-4128-ae09-a4ae0cb24ce6', TRUE, NOW(), NULL),
('bda698f3-4bf4-4d67-b830-b5e6abe35b05', '6108f908-4718-4c5e-9d11-02fb55b7252b', '5f4cc21d-fa05-49d1-839d-7a10282d1930', TRUE, NOW(), NULL),
('bda698f3-4bf4-4d67-b830-b5e6abe35b05', '2210f6b0-c115-4f75-b936-a439d25432ad', 'a98088e3-d23c-4e39-bbf8-0944df382e8e', TRUE, NOW(), NULL),
('bda698f3-4bf4-4d67-b830-b5e6abe35b05', '9de7e8f9-c691-486f-ba6b-ee0c135f6291', '20a56951-5597-46a8-885b-74318bd36257', TRUE, NOW(), NULL),
('bda698f3-4bf4-4d67-b830-b5e6abe35b05', '0d7b7103-d32d-4b34-b9de-a2a4e33f5e5e', '554426bc-3c14-4b1c-a656-e7ac0f011288', TRUE, NOW(), NULL),
('bda698f3-4bf4-4d67-b830-b5e6abe35b05', 'fc43b525-ffad-4c89-a82d-6de20b42a395', '0d5e1665-d88b-44ff-883a-6cffeda16c35', TRUE, NOW(), NULL),
('92471808-41fe-4741-bfd6-70c2284a3a98', '4cafbc7c-311a-4dc8-9d93-8b0c180d7e95', '9f561889-0c34-4cf8-bb62-b2f5988b36db', TRUE, NOW(), NULL),
('92471808-41fe-4741-bfd6-70c2284a3a98', '85734da2-c000-4575-880d-75dca8ff4d90', 'd311db39-3d6c-401f-9395-861178ad5299', TRUE, NOW(), NULL),
('92471808-41fe-4741-bfd6-70c2284a3a98', '435cc281-dd04-487d-af9b-15a3e6024be2', '9e86829c-738b-42e8-9d92-4cb18e52c033', TRUE, NOW(), NULL),
('92471808-41fe-4741-bfd6-70c2284a3a98', '6108f908-4718-4c5e-9d11-02fb55b7252b', '2a4f1afe-846b-4813-8ad1-0abb31fb98db', TRUE, NOW(), NULL),
('92471808-41fe-4741-bfd6-70c2284a3a98', '2210f6b0-c115-4f75-b936-a439d25432ad', '0c3c985c-d5e5-433c-83b4-6e852f8472b8', TRUE, NOW(), NULL),
('92471808-41fe-4741-bfd6-70c2284a3a98', '9de7e8f9-c691-486f-ba6b-ee0c135f6291', 'a99ac9c4-a8e7-477a-b2bb-a508e0864432', TRUE, NOW(), NULL),
('92471808-41fe-4741-bfd6-70c2284a3a98', '0d7b7103-d32d-4b34-b9de-a2a4e33f5e5e', '02ef5c7d-4ed4-48b2-90f1-9b5ac6d792a7', TRUE, NOW(), NULL),
('92471808-41fe-4741-bfd6-70c2284a3a98', 'fc43b525-ffad-4c89-a82d-6de20b42a395', '07e234ec-2ad8-46b2-a6b8-a35bd79101fd', TRUE, NOW(), NULL),
('d6ccfc35-fe85-47a7-89ba-d4be0259d7c0', '4cafbc7c-311a-4dc8-9d93-8b0c180d7e95', 'a0af5ad6-f2ab-4972-a0ad-0398d54f100c', TRUE, NOW(), NULL),
('d6ccfc35-fe85-47a7-89ba-d4be0259d7c0', '85734da2-c000-4575-880d-75dca8ff4d90', '502b5e42-1291-4c96-b967-13ed2dbc75e0', TRUE, NOW(), NULL),
('d6ccfc35-fe85-47a7-89ba-d4be0259d7c0', '435cc281-dd04-487d-af9b-15a3e6024be2', '431a33ff-e49c-4107-bbf6-943f0143ef22', TRUE, NOW(), NULL),
('d6ccfc35-fe85-47a7-89ba-d4be0259d7c0', '6108f908-4718-4c5e-9d11-02fb55b7252b', '6c285e2f-4fe5-4b19-a1e1-4030ba166cf1', TRUE, NOW(), NULL),
('d6ccfc35-fe85-47a7-89ba-d4be0259d7c0', '2210f6b0-c115-4f75-b936-a439d25432ad', '1863b7cc-9c4d-4306-a72a-0676ddbde6b0', TRUE, NOW(), NULL),
('d6ccfc35-fe85-47a7-89ba-d4be0259d7c0', '9de7e8f9-c691-486f-ba6b-ee0c135f6291', 'acd7e7a9-d6a2-425f-a4c1-f8f958d2b4fb', TRUE, NOW(), NULL),
('d6ccfc35-fe85-47a7-89ba-d4be0259d7c0', '0d7b7103-d32d-4b34-b9de-a2a4e33f5e5e', '64ef7918-c088-4c1d-ba63-8880f89c17ce', TRUE, NOW(), NULL),
('d6ccfc35-fe85-47a7-89ba-d4be0259d7c0', 'fc43b525-ffad-4c89-a82d-6de20b42a395', '9af545d6-6687-4797-ab00-9b1529d550e5', TRUE, NOW(), NULL);

INSERT INTO bp_brand_category_price_summary
(brand_id, category_id, min_price, min_price_product_ids, max_price, max_price_product_ids, reg_date_time, mod_date_time)
VALUES
    ('94836de5-35cd-4dc0-b39a-63d427e33831', '4cafbc7c-311a-4dc8-9d93-8b0c180d7e95', 11200.00, '["11a513be-76dd-414c-8907-5406a6feaa72"]', 11200.00, '["11a513be-76dd-414c-8907-5406a6feaa72"]', NOW(), NULL),
    ('94836de5-35cd-4dc0-b39a-63d427e33831', '85734da2-c000-4575-880d-75dca8ff4d90', 5500.00, '["80ad25a2-2ef2-445f-bce8-5867a2c4ea86"]', 5500.00, '["80ad25a2-2ef2-445f-bce8-5867a2c4ea86"]', NOW(), NULL),
    ('94836de5-35cd-4dc0-b39a-63d427e33831', '435cc281-dd04-487d-af9b-15a3e6024be2', 4200.00, '["07a153f6-edb8-4764-951e-2b36dbc49734"]', 4200.00, '["07a153f6-edb8-4764-951e-2b36dbc49734"]', NOW(), NULL),
    ('94836de5-35cd-4dc0-b39a-63d427e33831', '6108f908-4718-4c5e-9d11-02fb55b7252b', 9000.00, '["8cb589d6-2c00-4aeb-af2e-2a1fb845d4bd"]', 9000.00, '["8cb589d6-2c00-4aeb-af2e-2a1fb845d4bd"]', NOW(), NULL),
    ('94836de5-35cd-4dc0-b39a-63d427e33831', '2210f6b0-c115-4f75-b936-a439d25432ad', 2000.00, '["38d96ccc-095b-405a-a3b8-d51c86d5cb80"]', 2000.00, '["38d96ccc-095b-405a-a3b8-d51c86d5cb80"]', NOW(), NULL),
    ('94836de5-35cd-4dc0-b39a-63d427e33831', '9de7e8f9-c691-486f-ba6b-ee0c135f6291', 1700.00, '["dac494f7-4070-4456-9b46-50b0466e8dc5"]', 1700.00, '["dac494f7-4070-4456-9b46-50b0466e8dc5"]', NOW(), NULL),
    ('94836de5-35cd-4dc0-b39a-63d427e33831', '0d7b7103-d32d-4b34-b9de-a2a4e33f5e5e', 1800.00, '["c7d57c5c-9955-4b7a-8e70-eb9e9cd98b99"]', 1800.00, '["c7d57c5c-9955-4b7a-8e70-eb9e9cd98b99"]', NOW(), NULL),
    ('94836de5-35cd-4dc0-b39a-63d427e33831', 'fc43b525-ffad-4c89-a82d-6de20b42a395', 2300.00, '["90cc33c7-0680-432a-b041-20556add72f7"]', 2300.00, '["90cc33c7-0680-432a-b041-20556add72f7"]', NOW(), NULL),
    ('79f16abe-eece-42eb-b6b7-9f4ac1eb2d59', '4cafbc7c-311a-4dc8-9d93-8b0c180d7e95', 10500.00, '["13acbc59-8825-4689-818d-776dc988d88d"]', 10500.00, '["13acbc59-8825-4689-818d-776dc988d88d"]', NOW(), NULL),
    ('79f16abe-eece-42eb-b6b7-9f4ac1eb2d59', '85734da2-c000-4575-880d-75dca8ff4d90', 5900.00, '["83cd7ebb-1b99-4c76-88f6-949bcff7099a"]', 5900.00, '["83cd7ebb-1b99-4c76-88f6-949bcff7099a"]', NOW(), NULL),
    ('79f16abe-eece-42eb-b6b7-9f4ac1eb2d59', '435cc281-dd04-487d-af9b-15a3e6024be2', 3800.00, '["1652b10c-9f3c-496b-a806-9a3169a03940"]', 3800.00, '["1652b10c-9f3c-496b-a806-9a3169a03940"]', NOW(), NULL),
    ('79f16abe-eece-42eb-b6b7-9f4ac1eb2d59', '6108f908-4718-4c5e-9d11-02fb55b7252b', 9100.00, '["be86c5db-a6ab-4530-8739-bb52b837c7ad"]', 9100.00, '["be86c5db-a6ab-4530-8739-bb52b837c7ad"]', NOW(), NULL),
    ('79f16abe-eece-42eb-b6b7-9f4ac1eb2d59', '2210f6b0-c115-4f75-b936-a439d25432ad', 2100.00, '["6b9b874d-1676-404d-84c2-dd58f4f49d5d"]', 2100.00, '["6b9b874d-1676-404d-84c2-dd58f4f49d5d"]', NOW(), NULL),
    ('79f16abe-eece-42eb-b6b7-9f4ac1eb2d59', '9de7e8f9-c691-486f-ba6b-ee0c135f6291', 2000.00, '["07d4fcf2-0cee-4f95-abb1-1b4f2f5813e0"]', 2000.00, '["07d4fcf2-0cee-4f95-abb1-1b4f2f5813e0"]', NOW(), NULL),
    ('79f16abe-eece-42eb-b6b7-9f4ac1eb2d59', '0d7b7103-d32d-4b34-b9de-a2a4e33f5e5e', 2000.00, '["43cfb2a7-7a7f-4596-9d2b-89b48f6dfbbe"]', 2000.00, '["43cfb2a7-7a7f-4596-9d2b-89b48f6dfbbe"]', NOW(), NULL),
    ('79f16abe-eece-42eb-b6b7-9f4ac1eb2d59', 'fc43b525-ffad-4c89-a82d-6de20b42a395', 2200.00, '["65d772b0-bdd8-4105-89b6-edee38e86f4c"]', 2200.00, '["65d772b0-bdd8-4105-89b6-edee38e86f4c"]', NOW(), NULL),
    ('77057daa-1936-4077-be6a-14236c4ff26d', '4cafbc7c-311a-4dc8-9d93-8b0c180d7e95', 10000.00, '["5c6cf008-f11a-45e0-b9b3-be77efddbd0a"]', 10000.00, '["5c6cf008-f11a-45e0-b9b3-be77efddbd0a"]', NOW(), NULL),
    ('77057daa-1936-4077-be6a-14236c4ff26d', '85734da2-c000-4575-880d-75dca8ff4d90', 6200.00, '["e75e5b03-e635-4e9d-8f70-6c5b9f3b50f1"]', 6200.00, '["e75e5b03-e635-4e9d-8f70-6c5b9f3b50f1"]', NOW(), NULL),
    ('77057daa-1936-4077-be6a-14236c4ff26d', '435cc281-dd04-487d-af9b-15a3e6024be2', 3300.00, '["766c4c1b-b850-4dce-93b6-8e29315fca6f"]', 3300.00, '["766c4c1b-b850-4dce-93b6-8e29315fca6f"]', NOW(), NULL),
    ('77057daa-1936-4077-be6a-14236c4ff26d', '6108f908-4718-4c5e-9d11-02fb55b7252b', 9200.00, '["c7440072-d381-4cac-8101-9103308b0907"]', 9200.00, '["c7440072-d381-4cac-8101-9103308b0907"]', NOW(), NULL),
    ('77057daa-1936-4077-be6a-14236c4ff26d', '2210f6b0-c115-4f75-b936-a439d25432ad', 2200.00, '["fcba14ac-1d45-4d57-8602-4cede1f0aa46"]', 2200.00, '["fcba14ac-1d45-4d57-8602-4cede1f0aa46"]', NOW(), NULL),
    ('77057daa-1936-4077-be6a-14236c4ff26d', '9de7e8f9-c691-486f-ba6b-ee0c135f6291', 1900.00, '["326ff24f-9822-4358-ad90-9aad41c5a5d7"]', 1900.00, '["326ff24f-9822-4358-ad90-9aad41c5a5d7"]', NOW(), NULL),
    ('77057daa-1936-4077-be6a-14236c4ff26d', '0d7b7103-d32d-4b34-b9de-a2a4e33f5e5e', 2200.00, '["c04f024c-87c6-4cbb-9cc2-719b3872be3b"]', 2200.00, '["c04f024c-87c6-4cbb-9cc2-719b3872be3b"]', NOW(), NULL),
    ('77057daa-1936-4077-be6a-14236c4ff26d', 'fc43b525-ffad-4c89-a82d-6de20b42a395', 2100.00, '["3746270f-7bc6-43d2-9359-52cea28947aa"]', 2100.00, '["3746270f-7bc6-43d2-9359-52cea28947aa"]', NOW(), NULL),
    ('49050d85-a236-433f-9aaf-7e8477c715a2', '4cafbc7c-311a-4dc8-9d93-8b0c180d7e95', 10100.00, '["ac315aea-f150-4cb1-8852-71cccfec2f8b"]', 10100.00, '["ac315aea-f150-4cb1-8852-71cccfec2f8b"]', NOW(), NULL),
    ('49050d85-a236-433f-9aaf-7e8477c715a2', '85734da2-c000-4575-880d-75dca8ff4d90', 5100.00, '["22e7fbb0-e605-499a-8683-26414ee2f350"]', 5100.00, '["22e7fbb0-e605-499a-8683-26414ee2f350"]', NOW(), NULL),
    ('49050d85-a236-433f-9aaf-7e8477c715a2', '435cc281-dd04-487d-af9b-15a3e6024be2', 3000.00, '["b2ab0469-d16e-4ad2-8a8c-85142c82393f"]', 3000.00, '["b2ab0469-d16e-4ad2-8a8c-85142c82393f"]', NOW(), NULL),
    ('49050d85-a236-433f-9aaf-7e8477c715a2', '6108f908-4718-4c5e-9d11-02fb55b7252b', 9500.00, '["81237f5b-6c0e-4a51-a919-2fd02936dd89"]', 9500.00, '["81237f5b-6c0e-4a51-a919-2fd02936dd89"]', NOW(), NULL),
    ('49050d85-a236-433f-9aaf-7e8477c715a2', '2210f6b0-c115-4f75-b936-a439d25432ad', 2500.00, '["73af2d7a-586e-459f-8900-a3166a4fbd41"]', 2500.00, '["73af2d7a-586e-459f-8900-a3166a4fbd41"]', NOW(), NULL),
    ('49050d85-a236-433f-9aaf-7e8477c715a2', '9de7e8f9-c691-486f-ba6b-ee0c135f6291', 1500.00, '["505c96d4-21e7-4d15-b1a6-5a8361b79182"]', 1500.00, '["505c96d4-21e7-4d15-b1a6-5a8361b79182"]', NOW(), NULL),
    ('49050d85-a236-433f-9aaf-7e8477c715a2', '0d7b7103-d32d-4b34-b9de-a2a4e33f5e5e', 2400.00, '["a28f1692-0145-4165-97cf-d3e3a843036a"]', 2400.00, '["a28f1692-0145-4165-97cf-d3e3a843036a"]', NOW(), NULL),
    ('49050d85-a236-433f-9aaf-7e8477c715a2', 'fc43b525-ffad-4c89-a82d-6de20b42a395', 2000.00, '["5ea17971-735f-4bc8-b32c-26a790c100d8"]', 2000.00, '["5ea17971-735f-4bc8-b32c-26a790c100d8"]', NOW(), NULL),
    ('e2e43de7-d72c-481d-adec-99f8032d35bd', '4cafbc7c-311a-4dc8-9d93-8b0c180d7e95', 10700.00, '["3f45c27b-a658-4c68-ac84-bd2956d57448"]', 10700.00, '["3f45c27b-a658-4c68-ac84-bd2956d57448"]', NOW(), NULL),
    ('e2e43de7-d72c-481d-adec-99f8032d35bd', '85734da2-c000-4575-880d-75dca8ff4d90', 5000.00, '["9433e7ec-4fa5-413d-9684-8344186a1913"]', 5000.00, '["9433e7ec-4fa5-413d-9684-8344186a1913"]', NOW(), NULL),
    ('e2e43de7-d72c-481d-adec-99f8032d35bd', '435cc281-dd04-487d-af9b-15a3e6024be2', 3800.00, '["ce6d179b-7c31-4925-ad85-90788959c623"]', 3800.00, '["ce6d179b-7c31-4925-ad85-90788959c623"]', NOW(), NULL),
    ('e2e43de7-d72c-481d-adec-99f8032d35bd', '6108f908-4718-4c5e-9d11-02fb55b7252b', 9900.00, '["db21f270-6a39-4f2b-beda-df5a04539a97"]', 9900.00, '["db21f270-6a39-4f2b-beda-df5a04539a97"]', NOW(), NULL),
    ('e2e43de7-d72c-481d-adec-99f8032d35bd', '2210f6b0-c115-4f75-b936-a439d25432ad', 2300.00, '["c2ea67f3-cdb7-4412-995e-7fa72ad72236"]', 2300.00, '["c2ea67f3-cdb7-4412-995e-7fa72ad72236"]', NOW(), NULL),
    ('e2e43de7-d72c-481d-adec-99f8032d35bd', '9de7e8f9-c691-486f-ba6b-ee0c135f6291', 1800.00, '["253a67ec-7c05-4169-a39e-32c363869315"]', 1800.00, '["253a67ec-7c05-4169-a39e-32c363869315"]', NOW(), NULL),
    ('e2e43de7-d72c-481d-adec-99f8032d35bd', '0d7b7103-d32d-4b34-b9de-a2a4e33f5e5e', 2100.00, '["57806e4c-ebf5-4dd4-b9e8-bb46e5a77874"]', 2100.00, '["57806e4c-ebf5-4dd4-b9e8-bb46e5a77874"]', NOW(), NULL),
    ('e2e43de7-d72c-481d-adec-99f8032d35bd', 'fc43b525-ffad-4c89-a82d-6de20b42a395', 2100.00, '["33ab948e-09e3-4c64-8e35-efc6b5e4b234"]', 2100.00, '["33ab948e-09e3-4c64-8e35-efc6b5e4b234"]', NOW(), NULL),
    ('f0d60e87-1e0c-4a83-b1b7-980127aaeed3', '4cafbc7c-311a-4dc8-9d93-8b0c180d7e95', 11200.00, '["0444707d-7c9f-4b03-9762-d44053148bef"]', 11200.00, '["0444707d-7c9f-4b03-9762-d44053148bef"]', NOW(), NULL),
    ('f0d60e87-1e0c-4a83-b1b7-980127aaeed3', '85734da2-c000-4575-880d-75dca8ff4d90', 7200.00, '["644655d7-d407-436b-a317-82180a7173f6"]', 7200.00, '["644655d7-d407-436b-a317-82180a7173f6"]', NOW(), NULL),
    ('f0d60e87-1e0c-4a83-b1b7-980127aaeed3', '435cc281-dd04-487d-af9b-15a3e6024be2', 4000.00, '["8ee57020-2760-4726-b037-1f19ff002e73"]', 4000.00, '["8ee57020-2760-4726-b037-1f19ff002e73"]', NOW(), NULL),
    ('f0d60e87-1e0c-4a83-b1b7-980127aaeed3', '6108f908-4718-4c5e-9d11-02fb55b7252b', 9300.00, '["d91db2fa-cac8-4ae1-9ac3-88431129006c"]', 9300.00, '["d91db2fa-cac8-4ae1-9ac3-88431129006c"]', NOW(), NULL),
    ('f0d60e87-1e0c-4a83-b1b7-980127aaeed3', '2210f6b0-c115-4f75-b936-a439d25432ad', 2100.00, '["3ee2d492-77a8-495e-aad9-11803e13f959"]', 2100.00, '["3ee2d492-77a8-495e-aad9-11803e13f959"]', NOW(), NULL),
    ('f0d60e87-1e0c-4a83-b1b7-980127aaeed3', '9de7e8f9-c691-486f-ba6b-ee0c135f6291', 1600.00, '["de4e9737-db41-452f-afdc-6fd6f543e243"]', 1600.00, '["de4e9737-db41-452f-afdc-6fd6f543e243"]', NOW(), NULL),
    ('f0d60e87-1e0c-4a83-b1b7-980127aaeed3', '0d7b7103-d32d-4b34-b9de-a2a4e33f5e5e', 2300.00, '["0ba31745-1001-4367-ba8c-b41f5a5aee98"]', 2300.00, '["0ba31745-1001-4367-ba8c-b41f5a5aee98"]', NOW(), NULL),
    ('f0d60e87-1e0c-4a83-b1b7-980127aaeed3', 'fc43b525-ffad-4c89-a82d-6de20b42a395', 1900.00, '["c2febc93-ed32-4602-8cbb-0dd2101d7358"]', 1900.00, '["c2febc93-ed32-4602-8cbb-0dd2101d7358"]', NOW(), NULL),
    ('bda698f3-4bf4-4d67-b830-b5e6abe35b05', '4cafbc7c-311a-4dc8-9d93-8b0c180d7e95', 10500.00, '["cc2429bb-ca3d-402e-ba87-193968e005de"]', 10500.00, '["cc2429bb-ca3d-402e-ba87-193968e005de"]', NOW(), NULL),
    ('bda698f3-4bf4-4d67-b830-b5e6abe35b05', '85734da2-c000-4575-880d-75dca8ff4d90', 5800.00, '["ac4f519f-bfb3-4cfc-814d-4c13d2963e43"]', 5800.00, '["ac4f519f-bfb3-4cfc-814d-4c13d2963e43"]', NOW(), NULL),
    ('bda698f3-4bf4-4d67-b830-b5e6abe35b05', '435cc281-dd04-487d-af9b-15a3e6024be2', 3900.00, '["0c25c26f-b5f4-4128-ae09-a4ae0cb24ce6"]', 3900.00, '["0c25c26f-b5f4-4128-ae09-a4ae0cb24ce6"]', NOW(), NULL),
    ('bda698f3-4bf4-4d67-b830-b5e6abe35b05', '6108f908-4718-4c5e-9d11-02fb55b7252b', 9000.00, '["5f4cc21d-fa05-49d1-839d-7a10282d1930"]', 9000.00, '["5f4cc21d-fa05-49d1-839d-7a10282d1930"]', NOW(), NULL),
    ('bda698f3-4bf4-4d67-b830-b5e6abe35b05', '2210f6b0-c115-4f75-b936-a439d25432ad', 2200.00, '["a98088e3-d23c-4e39-bbf8-0944df382e8e"]', 2200.00, '["a98088e3-d23c-4e39-bbf8-0944df382e8e"]', NOW(), NULL),
    ('bda698f3-4bf4-4d67-b830-b5e6abe35b05', '9de7e8f9-c691-486f-ba6b-ee0c135f6291', 1700.00, '["20a56951-5597-46a8-885b-74318bd36257"]', 1700.00, '["20a56951-5597-46a8-885b-74318bd36257"]', NOW(), NULL),
    ('bda698f3-4bf4-4d67-b830-b5e6abe35b05', '0d7b7103-d32d-4b34-b9de-a2a4e33f5e5e', 2100.00, '["554426bc-3c14-4b1c-a656-e7ac0f011288"]', 2100.00, '["554426bc-3c14-4b1c-a656-e7ac0f011288"]', NOW(), NULL),
    ('bda698f3-4bf4-4d67-b830-b5e6abe35b05', 'fc43b525-ffad-4c89-a82d-6de20b42a395', 2000.00, '["0d5e1665-d88b-44ff-883a-6cffeda16c35"]', 2000.00, '["0d5e1665-d88b-44ff-883a-6cffeda16c35"]', NOW(), NULL),
    ('92471808-41fe-4741-bfd6-70c2284a3a98', '4cafbc7c-311a-4dc8-9d93-8b0c180d7e95', 10800.00, '["9f561889-0c34-4cf8-bb62-b2f5988b36db"]', 10800.00, '["9f561889-0c34-4cf8-bb62-b2f5988b36db"]', NOW(), NULL),
    ('92471808-41fe-4741-bfd6-70c2284a3a98', '85734da2-c000-4575-880d-75dca8ff4d90', 6300.00, '["d311db39-3d6c-401f-9395-861178ad5299"]', 6300.00, '["d311db39-3d6c-401f-9395-861178ad5299"]', NOW(), NULL),
    ('92471808-41fe-4741-bfd6-70c2284a3a98', '435cc281-dd04-487d-af9b-15a3e6024be2', 3100.00, '["9e86829c-738b-42e8-9d92-4cb18e52c033"]', 3100.00, '["9e86829c-738b-42e8-9d92-4cb18e52c033"]', NOW(), NULL),
    ('92471808-41fe-4741-bfd6-70c2284a3a98', '6108f908-4718-4c5e-9d11-02fb55b7252b', 9700.00, '["2a4f1afe-846b-4813-8ad1-0abb31fb98db"]', 9700.00, '["2a4f1afe-846b-4813-8ad1-0abb31fb98db"]', NOW(), NULL),
    ('92471808-41fe-4741-bfd6-70c2284a3a98', '2210f6b0-c115-4f75-b936-a439d25432ad', 2100.00, '["0c3c985c-d5e5-433c-83b4-6e852f8472b8"]', 2100.00, '["0c3c985c-d5e5-433c-83b4-6e852f8472b8"]', NOW(), NULL),
    ('92471808-41fe-4741-bfd6-70c2284a3a98', '9de7e8f9-c691-486f-ba6b-ee0c135f6291', 1600.00, '["a99ac9c4-a8e7-477a-b2bb-a508e0864432"]', 1600.00, '["a99ac9c4-a8e7-477a-b2bb-a508e0864432"]', NOW(), NULL),
    ('92471808-41fe-4741-bfd6-70c2284a3a98', '0d7b7103-d32d-4b34-b9de-a2a4e33f5e5e', 2000.00, '["02ef5c7d-4ed4-48b2-90f1-9b5ac6d792a7"]', 2000.00, '["02ef5c7d-4ed4-48b2-90f1-9b5ac6d792a7"]', NOW(), NULL),
    ('92471808-41fe-4741-bfd6-70c2284a3a98', 'fc43b525-ffad-4c89-a82d-6de20b42a395', 2000.00, '["07e234ec-2ad8-46b2-a6b8-a35bd79101fd"]', 2000.00, '["07e234ec-2ad8-46b2-a6b8-a35bd79101fd"]', NOW(), NULL),
    ('d6ccfc35-fe85-47a7-89ba-d4be0259d7c0', '4cafbc7c-311a-4dc8-9d93-8b0c180d7e95', 11400.00, '["a0af5ad6-f2ab-4972-a0ad-0398d54f100c"]', 11400.00, '["a0af5ad6-f2ab-4972-a0ad-0398d54f100c"]', NOW(), NULL),
    ('d6ccfc35-fe85-47a7-89ba-d4be0259d7c0', '85734da2-c000-4575-880d-75dca8ff4d90', 6700.00, '["502b5e42-1291-4c96-b967-13ed2dbc75e0"]', 6700.00, '["502b5e42-1291-4c96-b967-13ed2dbc75e0"]', NOW(), NULL),
    ('d6ccfc35-fe85-47a7-89ba-d4be0259d7c0', '435cc281-dd04-487d-af9b-15a3e6024be2', 3200.00, '["431a33ff-e49c-4107-bbf6-943f0143ef22"]', 3200.00, '["431a33ff-e49c-4107-bbf6-943f0143ef22"]', NOW(), NULL),
    ('d6ccfc35-fe85-47a7-89ba-d4be0259d7c0', '6108f908-4718-4c5e-9d11-02fb55b7252b', 9500.00, '["6c285e2f-4fe5-4b19-a1e1-4030ba166cf1"]', 9500.00, '["6c285e2f-4fe5-4b19-a1e1-4030ba166cf1"]', NOW(), NULL),
    ('d6ccfc35-fe85-47a7-89ba-d4be0259d7c0', '2210f6b0-c115-4f75-b936-a439d25432ad', 2400.00, '["1863b7cc-9c4d-4306-a72a-0676ddbde6b0"]', 2400.00, '["1863b7cc-9c4d-4306-a72a-0676ddbde6b0"]', NOW(), NULL),
    ('d6ccfc35-fe85-47a7-89ba-d4be0259d7c0', '9de7e8f9-c691-486f-ba6b-ee0c135f6291', 1700.00, '["acd7e7a9-d6a2-425f-a4c1-f8f958d2b4fb"]', 1700.00, '["acd7e7a9-d6a2-425f-a4c1-f8f958d2b4fb"]', NOW(), NULL),
    ('d6ccfc35-fe85-47a7-89ba-d4be0259d7c0', '0d7b7103-d32d-4b34-b9de-a2a4e33f5e5e', 1700.00, '["64ef7918-c088-4c1d-ba63-8880f89c17ce"]', 1700.00, '["64ef7918-c088-4c1d-ba63-8880f89c17ce"]', NOW(), NULL),
    ('d6ccfc35-fe85-47a7-89ba-d4be0259d7c0', 'fc43b525-ffad-4c89-a82d-6de20b42a395', 2400.00, '["9af545d6-6687-4797-ab00-9b1529d550e5"]', 2400.00, '["9af545d6-6687-4797-ab00-9b1529d550e5"]', NOW(), NULL);


